--------BRAND----------
INSERT INTO BRAND (BRANDID, BRANDNAME,BRANDDESC,BRANDLOGO) VALUES (1, "Toyota", "Produsen Asal Jepang", "path Toyota");
INSERT INTO BRAND (BRANDID, BRANDNAME,BRANDDESC,BRANDLOGO) VALUES (2, "Daihatsu", "Daihatsu Indonesia merupakan produsen mobil baru dengan 9 model pilihan", "path Daihatsu");
INSERT INTO BRAND (BRANDID, BRANDNAME,BRANDDESC,BRANDLOGO) VALUES (3, "Honda", "Honda merupakan salah satu produsen kendaraan terbesar di dunia sejak tahun 1959", "path Honda");
INSERT INTO BRAND (BRANDID, BRANDNAME,BRANDDESC,BRANDLOGO) VALUES (4, "Mitsubishi", "Mitsubishi Motors saat ini menyediakan 8 model untuk Indonesia", "path Mitsubishi");
INSERT INTO BRAND (BRANDID, BRANDNAME,BRANDDESC,BRANDLOGO) VALUES (5, "Suzuki", "Suzuki Indonesia merupakan produsen mobil baru dengan 11 model pilihan", "path Suzuki");
INSERT INTO BRAND (BRANDID, BRANDNAME,BRANDDESC,BRANDLOGO) VALUES (6, "Nissan", "Nissan Indonesia merupakan produsen mobil baru dengan 8 model pilihan", "path Nissan");
-----CAR TYPE---------
INSERT INTO CARTYPE (CARTYPEID,CARTYPENAME,CARTYPEDESC) VALUES (1,"Jeep","jeep");
INSERT INTO CARTYPE (CARTYPEID,CARTYPENAME,CARTYPEDESC) VALUES (2,"CT Car","ctcar");
INSERT INTO CARTYPE (CARTYPEID,CARTYPENAME,CARTYPEDESC) VALUES (3,"Sedan","sedan");
-----STATE----
INSERT INTO STATE (STATEID, STATENAME) VALUES (1, "Jawa Timur");
INSERT INTO STATE (STATEID, STATENAME) VALUES (2, "Jawa Barat");
INSERT INTO STATE (STATEID, STATENAME) VALUES (3, "Jawa Tengah");
INSERT INTO STATE (STATEID, STATENAME) VALUES (4, "Kalimantan Timur");
INSERT INTO STATE (STATEID, STATENAME) VALUES (5, "Kalimantan Barat");
INSERT INTO STATE (STATEID, STATENAME) VALUES (6, "Kalimantan Selatan");
INSERT INTO STATE (STATEID, STATENAME) VALUES (7, "Kalimantan Utara");
INSERT INTO STATE (STATEID, STATENAME) VALUES (8, "Kalimantan Tengah");
----CITY--------
INSERT INTO CITY (CITYID,STATEID,CITYNAME) VALUES (1,1,"Surabaya");
INSERT INTO CITY (CITYID,STATEID,CITYNAME) VALUES (2,1,"Sidoarjo");
INSERT INTO CITY (CITYID,STATEID,CITYNAME) VALUES (3,1,"Pasuruan");
INSERT INTO CITY (CITYID,STATEID,CITYNAME) VALUES (4,2,"Bandung");
INSERT INTO CITY (CITYID,STATEID,CITYNAME) VALUES (5,3,"Semarang");
INSERT INTO CITY (CITYID,STATEID,CITYNAME) VALUES (6,4,"Samarinda");
INSERT INTO CITY (CITYID,STATEID,CITYNAME) VALUES (7,5,"Pontianak");
INSERT INTO CITY (CITYID,STATEID,CITYNAME) VALUES (8,6,"Banjarmasin"); 
INSERT INTO CITY (CITYID,STATEID,CITYNAME) VALUES (9,7,"Tanjung Selor");
INSERT INTO CITY (CITYID,STATEID,CITYNAME) VALUES (10,8,"Palangkaraya");
------CAR-----------
INSERT INTO CAR(CARID,BRANDID,CARTYPEID,CARNAME,CARTRANSMITION,CARMODELTYPE,CARCAPACITY,CARFUELTYPE,CARPICTURE) 
VALUES (1,1,1,"CAR AA","Manual","Hatchback",2,"Diesel","pic_AA");
INSERT INTO CAR(CARID,BRANDID,CARTYPEID,CARNAME,CARTRANSMITION,CARMODELTYPE,CARCAPACITY,CARFUELTYPE,CARPICTURE) 
VALUES (2,2,2,"CAR BB","MATIC","Coupe",2,"Ethanol","pic_BB");
INSERT INTO CAR(CARID,BRANDID,CARTYPEID,CARNAME,CARTRANSMITION,CARMODELTYPE,CARCAPACITY,CARFUELTYPE,CARPICTURE) 
VALUES (3,3,3,"CAR CC","Manual","Sport",2,"Bio Diesel","pic_CC");
INSERT INTO CAR(CARID,BRANDID,CARTYPEID,CARNAME,CARTRANSMITION,CARMODELTYPE,CARCAPACITY,CARFUELTYPE,CARPICTURE) 
VALUES (4,4,1,"CAR DD","MATIC","Station Wagon",2,"Diesel","pic_DD");
INSERT INTO CAR(CARID,BRANDID,CARTYPEID,CARNAME,CARTRANSMITION,CARMODELTYPE,CARCAPACITY,CARFUELTYPE,CARPICTURE) 
VALUES (5,5,2,"CAR EE","Manual","Hatchback",2,"Electric","pic_EE");
-----USER--------------
INSERT INTO USER (USERID,CITYID,USERNAME,USERFIRSTNAME,USERLASTNAME,USEREMAIL,USERPASSWORD,USERROLES,USERADDRESS,USERPHONE,USERPICTURE)
VALUES (1,1,"afif","afif","fadhl","afif@gmail.com","yeyeyeye","USER","JL. CEMARA",08123456789,"PIC");
INSERT INTO USER (USERID,CITYID,USERNAME,USERFIRSTNAME,USERLASTNAME,USEREMAIL,USERPASSWORD,USERROLES,USERADDRESS,USERPHONE,USERPICTURE)
VALUES (2,1,"vadlv","vadlv","recko","vadlv@gmail.com","lalalala","RENTER","JL. JAMBU",081233333389,"PIC");
------CARRENT----------
INSERT INTO CARRENT (CARRENTID,CARID,USERID,CARLICENCENUMBER,CARRENTPRICE,CARRENTYEAR,CARRENTSTATUS,CARRENTPICTURE)
VALUES (1,1,1,"L 1010 AB",200000,2015,1,"PIC");
INSERT INTO CARRENT (CARRENTID,CARID,USERID,CARLICENCENUMBER,CARRENTPRICE,CARRENTYEAR,CARRENTSTATUS,CARRENTPICTURE)
VALUES (2,2,2,"KB 3421 V",180000,2015,1,"PIC");
INSERT INTO CARRENT (CARRENTID,CARID,USERID,CARLICENCENUMBER,CARRENTPRICE,CARRENTYEAR,CARRENTSTATUS,CARRENTPICTURE)
VALUES (3,3,3,"W 701 AA",350000,2020,0,"PIC");
-----INVOICE-----------
INSERT INTO INVOICE (INVOICE,USERID,CARRENTID,REVIEWID,INVOICEDATE,RENTSTARTDATE,RENTSTOPDATE,RENTDRIVERUSE,RENTTOTALCOST)
VALUES (1,1,1,NULL,"2020-7-19","2020-7-22","2020-7-25",1,600000);
INSERT INTO INVOICE (INVOICE,USERID,CARRENTID,REVIEWID,INVOICEDATE,RENTSTARTDATE,RENTSTOPDATE,RENTDRIVERUSE,RENTTOTALCOST)
VALUES (2,2,2,NULL,"2020-7-19","2020-7-22","2020-7-25",1,540000);
-----REVIEW------------
INSERT INTO REVIEW (REVIEWID,INVOICE,REVIEWSTARS,REVIEWCONTENT)
VALUES (1,1,5,"GOOD");
INSERT INTO REVIEW (REVIEWID,INVOICE,REVIEWSTARS,REVIEWCONTENT)
VALUES (2,2,5,"AWESOME");
